factor,beta,stderr,t_stat,source
alpha,0.000192971131144925,0.00041859156141666707,0.46100100654642934,proxy_generated
MKT,0.9790597088447911,0.04605229595938366,21.259737184619063,proxy_generated
SMB,0.8935257612449617,0.06052879375314879,14.761995173552906,proxy_generated
MOM,0.039992898082782356,0.03770950521251637,1.0605521832598348,proxy_generated
r_squared,0.5728401931719445,,,proxy_generated
